,State,District,City,Bachelor's Degree or Higher Proportion,Foreign Born Proportion,Mean Income,Median Age,Median Income,Racial Diversity (Simpson Index),Total Population,Unmployment Rate (%)
0,AK,0.0,,0.328,0.08061,100519.0,35.6,77845.0,0.60497,732673.0,0.07
1,AK,,,0.328,0.08061,100519.0,35.6,77845.0,0.60497,732673.0,0.07
2,AL,1.0,,0.254,0.03043,72809.0,41.1,52226.0,0.50217,735373.0,0.059
3,AL,2.0,,0.233,0.02784,70206.0,39.2,49565.0,0.53115,690107.0,0.058
4,AL,3.0,,0.253,0.03418,67286.0,39.4,50787.0,0.49118,742147.0,0.054
5,AL,4.0,,0.195,0.03747,69343.0,40.7,51145.0,0.30092,708532.0,0.054
6,AL,5.0,,0.359,0.04629,91975.0,40.3,65701.0,0.45039,773212.0,0.037
7,AL,6.0,,0.397,0.03874,98111.0,40.1,70962.0,0.4031,723686.0,0.036
8,AL,7.0,,0.212,0.02878,58371.0,37.3,40217.0,0.50963,666820.0,0.084
9,AL,,,0.2718571428571428,0.0348185714285714,75443.0,39.72857142857144,54371.857142857145,0.4555057142857143,719982.4285714285,0.0545714285714285
10,AR,1.0,,0.184,0.01672,63388.0,39.8,45540.0,0.41647,714143.0,0.078
11,AR,2.0,,0.33,0.038,79236.0,37.9,55374.0,0.49612,771880.0,0.051
12,AR,3.0,,0.296,0.09471,83305.0,36.0,61687.0,0.49432,851053.0,0.043
13,AR,4.0,,0.186,0.03066,63492.0,40.9,46983.0,0.45293,688815.0,0.053
14,AR,,,0.249,0.0450225,72355.25,38.65,52396.0,0.46496,756472.75,0.0562499999999999
15,AZ,1.0,,0.269,0.0639,81914.0,40.1,61701.0,0.64619,774354.0,0.071
16,AZ,2.0,,0.368,0.09826,82305.0,40.9,60920.0,0.54464,754647.0,0.062
17,AZ,3.0,,0.193,0.19094,72173.0,33.6,58784.0,0.7071,780337.0,0.078
18,AZ,4.0,,0.217,0.08062,78109.0,48.5,60569.0,0.42452,848908.0,0.057
19,AZ,5.0,,0.42,0.09717,116422.0,39.0,91844.0,0.47854,891118.0,0.04
20,AZ,6.0,,0.474,0.12635,126467.0,42.8,84001.0,0.4847,786168.0,0.058
21,AZ,7.0,,0.188,0.25295,71069.0,31.2,55664.0,0.73578,791774.0,0.068
22,AZ,8.0,,0.324,0.09763,100471.0,41.4,80144.0,0.50519,863775.0,0.045
23,AZ,9.0,,0.432,0.13287,98920.0,34.1,69645.0,0.60914,785235.0,0.05
24,AZ,,,0.3205555555555555,0.1267433333333333,91983.33333333331,39.06666666666667,69252.44444444444,0.5706444444444444,808479.5555555555,0.0587777777777777
25,CA,1.0,,0.275,0.0604,86416.0,42.5,63062.0,0.39981,701063.0,0.086
26,CA,2.0,,0.43,0.14287,137442.0,45.1,85737.0,0.497,718090.0,0.075
27,CA,3.0,,0.278,0.18825,97993.0,36.3,75260.0,0.70266,762445.0,0.074
28,CA,4.0,,0.396,0.09897,121885.0,44.2,91204.0,0.43432,782605.0,0.065
29,CA,5.0,,0.358,0.21226,117216.0,41.3,88514.0,0.68334,710312.0,0.077
30,CA,6.0,,0.317,0.22687,91191.0,35.5,70193.0,0.77013,784724.0,0.08
31,CA,7.0,,0.354,0.20516,113831.0,38.8,90458.0,0.67301,789764.0,0.073
32,CA,8.0,,0.194,0.14237,85560.0,34.7,64598.0,0.66003,759705.0,0.109
33,CA,9.0,,0.215,0.22948,107681.0,35.8,82962.0,0.78156,808663.0,0.102
34,CA,10.0,,0.207,0.22006,101261.0,35.2,79993.0,0.71645,774782.0,0.08
35,CA,11.0,,0.472,0.25489,156813.0,39.6,110251.0,0.7257,771855.0,0.077
36,CA,12.0,,0.624,0.33713,182688.0,40.2,121274.0,0.6981,718792.0,0.08
37,CA,13.0,,0.517,0.27853,133376.0,38.2,90730.0,0.771,761542.0,0.078
38,CA,14.0,,0.493,0.36568,180486.0,41.2,127509.0,0.71627,719826.0,0.071
39,CA,15.0,,0.479,0.37088,164653.0,39.9,126475.0,0.72542,784297.0,0.057
40,CA,16.0,,0.145,0.23109,72679.0,31.8,51423.0,0.74883,751686.0,0.122
41,CA,17.0,,0.629,0.49808,200291.0,36.4,159361.0,0.60485,771306.0,0.054
42,CA,18.0,,0.669,0.32081,239456.0,40.7,156828.0,0.66809,721174.0,0.057
43,CA,19.0,,0.382,0.36332,160505.0,38.7,113462.0,0.75996,722407.0,0.068
44,CA,20.0,,0.306,0.25832,122139.0,35.8,86124.0,0.69855,748911.0,0.07
45,CA,21.0,,0.087,0.27287,67084.0,30.6,50736.0,0.71848,718991.0,0.117
46,CA,22.0,,0.283,0.17855,95631.0,33.5,70933.0,0.71739,810279.0,0.088
47,CA,23.0,,0.233,0.1509,88097.0,34.2,66509.0,0.68075,770688.0,0.089
48,CA,24.0,,0.377,0.17299,118753.0,37.2,83173.0,0.61001,740591.0,0.074
49,CA,25.0,,0.299,0.20941,116456.0,37.2,90612.0,0.73414,738117.0,0.08
50,CA,26.0,,0.346,0.22444,125817.0,38.3,95871.0,0.64793,717217.0,0.076
51,CA,27.0,,0.457,0.3678,118574.0,42.8,86520.0,0.73659,688082.0,0.084
52,CA,28.0,,0.507,0.37684,117788.0,39.9,77858.0,0.6283,694675.0,0.109
53,CA,29.0,,0.244,0.41449,85211.0,36.2,66405.0,0.72773,691770.0,0.106
54,CA,30.0,,0.476,0.32007,127529.0,40.2,89909.0,0.67521,764996.0,0.104
55,CA,31.0,,0.26,0.21191,96854.0,34.3,75362.0,0.76552,758538.0,0.071
56,CA,32.0,,0.248,0.35511,102569.0,38.0,80372.0,0.75872,689035.0,0.074
57,CA,33.0,,0.671,0.2281,181334.0,41.9,117794.0,0.57904,686798.0,0.087
58,CA,34.0,,0.311,0.43887,76972.0,36.1,52403.0,0.74934,696606.0,0.101
59,CA,35.0,,0.195,0.2887,93462.0,33.1,80610.0,0.72719,748055.0,0.087
60,CA,36.0,,0.225,0.22909,89695.0,42.0,61523.0,0.70613,761959.0,0.099
61,CA,37.0,,0.412,0.31174,110249.0,37.0,72163.0,0.78701,700635.0,0.104
62,CA,38.0,,0.271,0.28494,105909.0,38.3,85776.0,0.75736,691366.0,0.075
63,CA,39.0,,0.437,0.32593,133534.0,40.3,102045.0,0.74434,729834.0,0.09
64,CA,40.0,,0.121,0.40707,76533.0,33.6,57218.0,0.64933,681700.0,0.085
65,CA,41.0,,0.187,0.25106,94504.0,32.4,78526.0,0.7221,765124.0,0.087
66,CA,42.0,,0.287,0.18935,120665.0,36.4,98855.0,0.72042,841945.0,0.074
67,CA,43.0,,0.299,0.30664,97389.0,36.2,74359.0,0.80033,728012.0,0.101
68,CA,44.0,,0.155,0.33322,82172.0,35.4,65151.0,0.7641,698216.0,0.094
69,CA,45.0,,0.578,0.30407,150359.0,39.3,111257.0,0.66836,808871.0,0.069
70,CA,46.0,,0.226,0.37648,97917.0,34.9,79351.0,0.74884,701726.0,0.076
71,CA,47.0,,0.364,0.29388,104308.0,38.3,78252.0,0.74815,701834.0,0.078
72,CA,48.0,,0.49,0.26118,146057.0,42.8,103343.0,0.63523,712717.0,0.072
73,CA,49.0,,0.48,0.16792,149958.0,38.1,109777.0,0.60637,740582.0,0.081
74,CA,50.0,,0.341,0.19577,111288.0,38.1,88342.0,0.6184,748539.0,0.087
75,CA,51.0,,0.159,0.3121,77466.0,34.3,62162.0,0.75799,707085.0,0.126
76,CA,52.0,,0.611,0.2352,147238.0,37.1,110032.0,0.60524,778194.0,0.067
77,CA,53.0,,0.428,0.2095,112230.0,36.7,88844.0,0.73094,761110.0,0.08
78,CA,,,0.354811320754717,0.2681435849056603,118738.94339622642,37.67169811320755,87687.94339622642,0.6917369811320754,740336.5283018867,0.0839056603773585
79,CO,1.0,,0.543,0.1304,117333.0,35.5,83308.0,0.56894,838929.0,0.06
80,CO,2.0,,0.576,0.07566,125591.0,38.5,90771.0,0.32847,820942.0,0.043
81,CO,3.0,,0.349,0.05913,92908.0,42.0,63601.0,0.39667,769771.0,0.047
82,CO,4.0,,0.385,0.08143,114993.0,37.6,88802.0,0.41875,908778.0,0.049
83,CO,5.0,,0.402,0.06507,98793.0,36.4,76462.0,0.44011,840942.0,0.062
84,CO,6.0,,0.456,0.16408,119367.0,37.7,92522.0,0.59683,833948.0,0.052
85,CO,7.0,,0.391,0.10978,103172.0,37.2,83096.0,0.51135,798759.0,0.059
86,CO,,,0.4431428571428571,0.0979357142857142,110308.14285714286,37.84285714285714,82651.71428571429,0.4658742857142857,830295.5714285715,0.0531428571428571
87,CT,1.0,,0.391,0.15693,103422.0,40.7,79242.0,0.58902,716422.0,0.069
88,CT,2.0,,0.382,0.06813,107346.0,42.0,83056.0,0.36183,706620.0,0.057
89,CT,3.0,,0.407,0.1555,103052.0,39.8,77543.0,0.58057,711522.0,0.074
90,CT,4.0,,0.527,0.22999,171286.0,41.0,102517.0,0.61131,745760.0,0.062
91,CT,5.0,,0.396,0.14713,116747.0,42.4,80396.0,0.51754,725273.0,0.072
92,CT,,,0.4206,0.151536,120370.6,41.18,84550.8,0.532054,721119.4,0.0668
93,DC,0.0,,0.63,0.13316,138856.0,34.8,90088.0,0.6566,670050.0,0.082
94,DC,,,0.63,0.13316,138856.0,34.8,90088.0,0.6566,670050.0,0.082
95,DE,0.0,,0.356,0.10092,95633.0,41.6,71091.0,0.57491,1003384.0,0.056
96,DE,,,0.356,0.10092,95633.0,41.6,71091.0,0.57491,1003384.0,0.056
97,FL,1.0,,0.322,0.05998,89693.0,39.6,65258.0,0.44947,821362.0,0.046
98,FL,2.0,,0.266,0.06026,77450.0,41.8,56801.0,0.41476,749149.0,0.045
99,FL,3.0,,0.309,0.07619,80619.0,38.7,60499.0,0.5178,774718.0,0.044
100,FL,4.0,,0.45,0.11379,110613.0,40.8,79589.0,0.46293,893302.0,0.037
101,FL,5.0,,0.241,0.08153,61713.0,35.1,46344.0,0.63062,747582.0,0.059
102,FL,6.0,,0.268,0.08667,76760.0,48.9,59821.0,0.44321,814531.0,0.046
103,FL,7.0,,0.435,0.15537,94208.0,37.9,65643.0,0.61087,787989.0,0.05
104,FL,8.0,,0.331,0.09334,88271.0,48.9,63827.0,0.44269,793922.0,0.051
105,FL,9.0,,0.277,0.20217,79545.0,38.2,60561.0,0.71904,1002804.0,0.057
106,FL,10.0,,0.334,0.26134,92132.0,36.3,65190.0,0.73268,859992.0,0.082
107,FL,11.0,,0.244,0.07079,73013.0,55.4,56699.0,0.38207,850097.0,0.066
108,FL,12.0,,0.322,0.11295,87454.0,45.9,62064.0,0.40578,829889.0,0.048
109,FL,13.0,,0.359,0.12148,88086.0,48.4,60511.0,0.46948,723346.0,0.053
110,FL,14.0,,0.412,0.22273,97723.0,37.3,62867.0,0.68261,810520.0,0.052
111,FL,15.0,,0.283,0.12888,82444.0,39.7,64365.0,0.6303,820172.0,0.059
112,FL,16.0,,0.374,0.13428,99874.0,46.8,73441.0,0.49663,907070.0,0.046
113,FL,17.0,,0.245,0.11746,76095.0,53.9,57610.0,0.41769,802733.0,0.06
114,FL,18.0,,0.364,0.16154,104787.0,48.7,69867.0,0.50639,809802.0,0.054
115,FL,19.0,,0.356,0.18087,107814.0,51.8,69702.0,0.48809,864808.0,0.049
116,FL,20.0,,0.24,0.37043,71801.0,39.0,53547.0,0.64796,761114.0,0.076
117,FL,21.0,,0.384,0.31,104276.0,45.6,69485.0,0.65432,797947.0,0.065
118,FL,22.0,,0.424,0.29849,105978.0,45.0,68765.0,0.62658,783681.0,0.069
119,FL,23.0,,0.437,0.37501,103822.0,41.5,73362.0,0.67495,765245.0,0.053
120,FL,24.0,,0.238,0.47192,69399.0,38.3,48301.0,0.6877,735549.0,0.083
121,FL,25.0,,0.29,0.54504,82421.0,42.8,62901.0,0.6164,761486.0,0.05
122,FL,26.0,,0.276,0.47915,86697.0,41.4,65262.0,0.63774,784436.0,0.061
123,FL,27.0,,0.459,0.51989,113308.0,42.0,64863.0,0.59891,727882.0,0.049
124,FL,,,0.3311111111111111,0.2152425925925926,89110.96296296296,43.32222222222222,63227.59259259259,0.5573211111111112,806708.4444444445,0.0559259259259259
125,GA,1.0,,0.284,0.05173,81081.0,36.4,59644.0,0.57371,765267.0,0.053
126,GA,2.0,,0.207,0.02954,63937.0,37.5,44096.0,0.58445,672932.0,0.064
127,GA,3.0,,0.284,0.05728,88075.0,38.6,67246.0,0.54218,773330.0,0.057
128,GA,4.0,,0.336,0.16366,87702.0,38.4,65307.0,0.58942,775516.0,0.069
129,GA,5.0,,0.504,0.09556,99610.0,34.8,64160.0,0.61929,789610.0,0.058
130,GA,6.0,,0.651,0.20294,143532.0,38.2,102732.0,0.62208,760368.0,0.032
131,GA,7.0,,0.456,0.27245,108608.0,37.2,82902.0,0.74493,856376.0,0.048
132,GA,8.0,,0.229,0.04022,72864.0,37.3,53834.0,0.5561,717457.0,0.066
133,GA,9.0,,0.27,0.07726,86618.0,41.3,65575.0,0.38784,805448.0,0.044
134,GA,10.0,,0.298,0.06722,89729.0,36.9,67600.0,0.54627,800510.0,0.046
135,GA,11.0,,0.465,0.11035,117936.0,38.3,87132.0,0.54122,807381.0,0.051
136,GA,12.0,,0.253,0.03931,72412.0,36.6,53188.0,0.59073,742856.0,0.075
137,GA,13.0,,0.339,0.09885,90225.0,36.1,67779.0,0.54921,795514.0,0.069
138,GA,14.0,,0.209,0.06428,77495.0,38.4,62258.0,0.39528,737001.0,0.049
139,GA,,,0.3417857142857143,0.0979035714285714,91416.0,37.57142857142857,67389.5,0.5601935714285714,771397.5714285715,0.0557857142857142
140,HI,1.0,,0.387,0.23355,114984.0,40.9,89243.0,0.67229,715138.0,0.066
141,HI,2.0,,0.318,0.14224,108276.0,39.4,79376.0,0.75441,726415.0,0.089
142,HI,,,0.3525,0.187895,111630.0,40.15,84309.5,0.71335,720776.5,0.0775
143,IA,1.0,,0.29,0.04435,84518.0,39.6,64743.0,0.25218,776069.0,0.038
144,IA,2.0,,0.31,0.04206,87635.0,38.5,62612.0,0.28007,785047.0,0.04
145,IA,3.0,,0.357,0.0746,93426.0,37.4,72157.0,0.31993,867614.0,0.036
146,IA,4.0,,0.257,0.05345,79552.0,39.2,62671.0,0.25973,764349.0,0.03
147,IA,,,0.3035,0.0536149999999999,86282.75,38.675,65545.75,0.2779775,798269.75,0.036
148,ID,1.0,,0.286,0.05277,91434.0,39.0,68789.0,0.30948,1007769.0,0.031
149,ID,2.0,,0.332,0.06965,88293.0,35.4,64509.0,0.34079,893154.0,0.035
150,ID,,,0.309,0.06121,89863.5,37.2,66649.0,0.3251349999999999,950461.5,0.033
151,IL,1.0,,0.319,0.0848,79296.0,40.0,60051.0,0.6222,676454.0,0.135
152,IL,2.0,,0.253,0.0745,71043.0,38.9,55279.0,0.60751,681277.0,0.125
153,IL,3.0,,0.311,0.21659,103660.0,40.6,78791.0,0.61183,722714.0,0.079
154,IL,4.0,,0.296,0.32254,87349.0,35.9,67607.0,0.73279,640957.0,0.074
155,IL,5.0,,0.598,0.21706,141932.0,35.6,93578.0,0.5304,750823.0,0.062
156,IL,6.0,,0.552,0.15304,144254.0,40.6,109503.0,0.45761,754166.0,0.062
157,IL,7.0,,0.46,0.14624,109527.0,34.7,68009.0,0.7035,747262.0,0.105
158,IL,8.0,,0.337,0.29471,96606.0,38.2,79401.0,0.67589,701275.0,0.051
159,IL,9.0,,0.573,0.24295,120035.0,41.0,81136.0,0.56498,735119.0,0.065
160,IL,10.0,,0.471,0.25299,131005.0,39.0,87871.0,0.63906,719131.0,0.07
161,IL,11.0,,0.396,0.18916,107680.0,37.7,83236.0,0.67128,717925.0,0.068
162,IL,12.0,,0.258,0.02505,73738.0,40.6,56579.0,0.41039,667669.0,0.068
163,IL,13.0,,0.319,0.05288,77834.0,37.3,57985.0,0.37872,690804.0,0.062
164,IL,14.0,,0.422,0.10122,127106.0,40.2,103540.0,0.38835,736577.0,0.049
165,IL,15.0,,0.217,0.01743,77416.0,41.4,59928.0,0.19771,675647.0,0.051
166,IL,16.0,,0.244,0.05493,82545.0,40.3,64413.0,0.32151,686140.0,0.079
167,IL,17.0,,0.207,0.05945,66778.0,41.7,50712.0,0.42025,665076.0,0.083
168,IL,18.0,,0.356,0.03657,89499.0,40.6,68807.0,0.23365,702453.0,0.049
169,IL,,,0.3660555555555555,0.1412283333333333,99294.61111111112,39.12777777777777,73690.33333333333,0.5093127777777778,703970.5,0.0742777777777777
170,IN,1.0,,0.252,0.06034,84021.0,40.4,64038.0,0.5569,735140.0,0.06
171,IN,2.0,,0.243,0.05512,79174.0,38.2,61214.0,0.36792,729230.0,0.047
172,IN,3.0,,0.25,0.05129,78961.0,37.4,62410.0,0.32046,761500.0,0.044
173,IN,4.0,,0.289,0.05946,80113.0,37.7,64616.0,0.30396,769259.0,0.033
174,IN,5.0,,0.489,0.06438,113031.0,38.6,79304.0,0.36942,822535.0,0.043
175,IN,6.0,,0.239,0.02618,77732.0,40.3,61145.0,0.1826,721123.0,0.048
176,IN,7.0,,0.289,0.11726,70740.0,33.6,54367.0,0.63574,775837.0,0.065
177,IN,8.0,,0.228,0.02154,76001.0,39.8,56956.0,0.21123,717065.0,0.042
178,IN,9.0,,0.292,0.04108,81146.0,38.3,64496.0,0.2281,774296.0,0.041
179,IN,,,0.2856666666666666,0.0551833333333333,82324.33333333333,38.25555555555556,63171.77777777778,0.3529255555555555,756220.5555555555,0.047
180,KS,1.0,,0.269,0.07528,73222.0,36.5,56786.0,0.37634,697903.0,0.04
181,KS,2.0,,0.324,0.03085,75868.0,38.4,57967.0,0.3156,711743.0,0.041
182,KS,3.0,,0.499,0.10244,115486.0,37.6,85228.0,0.47068,794125.0,0.034
183,KS,4.0,,0.302,0.06302,78579.0,36.8,59999.0,0.43883,730811.0,0.06
184,KS,,,0.3485,0.0678975,85788.75,37.325,64995.0,0.4003625,733645.5,0.04375
185,KY,1.0,,0.189,0.0154,65507.0,40.1,51424.0,0.2415,713098.0,0.051
186,KY,2.0,,0.24,0.03542,73712.0,38.9,57110.0,0.25957,786202.0,0.055
187,KY,3.0,,0.357,0.09197,83568.0,38.4,59174.0,0.52826,751181.0,0.05
188,KY,4.0,,0.329,0.03449,95392.0,39.6,70697.0,0.22014,783484.0,0.051
189,KY,5.0,,0.145,0.00684,55005.0,40.7,38048.0,0.10422,689987.0,0.079
190,KY,6.0,,0.342,0.05393,80132.0,37.5,58719.0,0.32991,785442.0,0.05
191,KY,,,0.2669999999999999,0.0396749999999999,75552.66666666667,39.2,55862.0,0.2806,751565.6666666666,0.056
192,LA,1.0,,0.344,0.06544,92153.0,39.0,64570.0,0.47453,816893.0,0.06
193,LA,2.0,,0.267,0.06745,63855.0,38.5,43680.0,0.56715,756483.0,0.114
194,LA,3.0,,0.235,0.03389,73371.0,37.7,53614.0,0.4984,771394.0,0.052
195,LA,4.0,,0.218,0.02333,66860.0,38.3,45652.0,0.54531,722852.0,0.09
196,LA,5.0,,0.19,0.01584,62961.0,38.4,42638.0,0.53857,728573.0,0.081
197,LA,6.0,,0.315,0.04938,90497.0,36.3,65128.0,0.52606,827852.0,0.068
198,LA,,,0.2615,0.042555,74949.5,38.03333333333333,52547.0,0.5250033333333334,770674.5,0.0775
199,MA,1.0,,0.34,0.08307,88697.0,41.5,64339.0,0.46276,730798.0,0.076
200,MA,2.0,,0.435,0.13079,106657.0,38.9,82768.0,0.4417,779662.0,0.074
201,MA,3.0,,0.407,0.20163,114481.0,39.9,84890.0,0.5473,790963.0,0.072
202,MA,4.0,,0.538,0.14613,160970.0,41.3,112107.0,0.35645,767979.0,0.063
203,MA,5.0,,0.603,0.25953,156918.0,38.7,115385.0,0.54303,781372.0,0.054
204,MA,6.0,,0.48,0.14408,133636.0,43.5,101990.0,0.36427,774905.0,0.057
205,MA,7.0,,0.48,0.31982,109851.0,33.1,76207.0,0.73953,779197.0,0.081
206,MA,8.0,,0.511,0.18056,139907.0,39.2,99904.0,0.50593,792652.0,0.063
207,MA,9.0,,0.395,0.10967,112513.0,46.5,83644.0,0.31985,787195.0,0.057
208,MA,,,0.4654444444444444,0.1750311111111111,124847.77777777778,40.28888888888889,91248.22222222222,0.4756466666666667,776080.3333333334,0.0663333333333333
209,MD,1.0,,0.346,0.05768,108408.0,42.4,82520.0,0.38418,739031.0,0.058
210,MD,2.0,,0.338,0.12419,94121.0,38.0,74152.0,0.64373,766679.0,0.062
211,MD,3.0,,0.516,0.16047,129362.0,37.9,94619.0,0.62179,752494.0,0.049
212,MD,4.0,,0.361,0.20582,114177.0,39.0,89820.0,0.66515,788525.0,0.072
213,MD,5.0,,0.382,0.13623,130930.0,39.1,112224.0,0.66402,804124.0,0.058
214,MD,6.0,,0.432,0.21445,117629.0,39.8,87067.0,0.64537,791771.0,0.057
215,MD,7.0,,0.435,0.12346,102558.0,38.6,70544.0,0.64144,726949.0,0.072
216,MD,8.0,,0.589,0.23766,162626.0,40.0,118287.0,0.61512,795556.0,0.046
217,MD,,,0.424875,0.157495,119976.375,39.35,91154.125,0.6101,770641.125,0.05925
218,ME,1.0,,0.432,0.0473,101177.0,43.9,75472.0,0.20001,716258.0,0.044
219,ME,2.0,,0.28,0.03383,73411.0,45.7,55438.0,0.15337,655989.0,0.054
220,ME,,,0.356,0.040565,87294.0,44.8,65455.0,0.17669,686123.5,0.049
221,MI,1.0,,0.278,0.01937,75724.0,47.1,57337.0,0.19705,707596.0,0.056
222,MI,2.0,,0.287,0.05633,84045.0,37.5,66168.0,0.37725,761672.0,0.052
223,MI,3.0,,0.352,0.05475,91723.0,38.2,69607.0,0.36664,756944.0,0.052
224,MI,4.0,,0.242,0.01866,73532.0,42.1,55924.0,0.18272,698588.0,0.063
225,MI,5.0,,0.221,0.02383,67820.0,41.3,51249.0,0.41646,664225.0,0.09
226,MI,6.0,,0.304,0.04509,81820.0,39.1,62651.0,0.35136,720214.0,0.053
227,MI,7.0,,0.267,0.03088,86369.0,42.2,65832.0,0.2456,715356.0,0.053
228,MI,8.0,,0.452,0.07912,104836.0,39.1,79408.0,0.34473,742257.0,0.063
229,MI,9.0,,0.337,0.11667,90805.0,41.4,66989.0,0.44931,711987.0,0.08
230,MI,10.0,,0.247,0.05639,88967.0,43.1,69772.0,0.22125,725418.0,0.057
231,MI,11.0,,0.517,0.1455,125758.0,42.7,94652.0,0.43758,757991.0,0.051
232,MI,12.0,,0.374,0.12535,90518.0,35.9,64923.0,0.44887,741026.0,0.069
233,MI,13.0,,0.174,0.07999,56449.0,34.9,40935.0,0.5911,674738.0,0.143
234,MI,14.0,,0.349,0.0921,81300.0,39.2,52492.0,0.59518,672799.0,0.107
235,MI,,,0.3143571428571428,0.0674307142857142,85690.42857142857,40.271428571428565,64138.5,0.3732214285714286,717915.0714285715,0.0706428571428571
236,MN,1.0,,0.315,0.06512,92790.0,38.7,70349.0,0.28912,691635.0,0.039
237,MN,2.0,,0.421,0.09171,117025.0,38.4,94280.0,0.38483,738835.0,0.045
238,MN,3.0,,0.518,0.12773,134038.0,40.8,99174.0,0.4481,734894.0,0.045
239,MN,4.0,,0.469,0.14397,108027.0,36.9,79124.0,0.54935,721132.0,0.057
240,MN,5.0,,0.506,0.14226,100814.0,34.9,71821.0,0.56086,727716.0,0.07
241,MN,6.0,,0.332,0.05225,107655.0,37.8,89198.0,0.26782,744738.0,0.039
242,MN,7.0,,0.257,0.03477,80876.0,40.9,63464.0,0.24476,666533.0,0.042
243,MN,8.0,,0.269,0.01664,83899.0,43.5,66011.0,0.18728,681907.0,0.052
244,MN,,,0.385875,0.08430625,103140.5,38.9875,79177.625,0.366515,713423.75,0.048625
245,MO,1.0,,0.341,0.06004,70759.0,36.8,50358.0,0.60672,710566.0,0.068
246,MO,2.0,,0.536,0.07458,128452.0,42.4,91927.0,0.32444,763765.0,0.034
247,MO,3.0,,0.287,0.02138,93271.0,40.2,74315.0,0.2356,817915.0,0.04
248,MO,4.0,,0.27,0.03087,75327.0,37.9,56417.0,0.26568,783543.0,0.05
249,MO,5.0,,0.312,0.05941,79029.0,37.0,59833.0,0.53946,783027.0,0.055
250,MO,6.0,,0.313,0.03425,88637.0,39.2,69337.0,0.26114,788813.0,0.042
251,MO,7.0,,0.277,0.03411,75708.0,38.8,54856.0,0.2513,799499.0,0.04
252,MO,8.0,,0.19,0.01266,67352.0,41.0,50633.0,0.22955,721059.0,0.041
253,MO,,,0.31575,0.0409125,84816.875,39.1625,63459.5,0.33923625,771023.375,0.04625
254,MS,1.0,,0.242,0.02036,71649.0,38.1,53222.0,0.50234,764049.0,0.046
255,MS,2.0,,0.223,0.01237,56165.0,38.0,38276.0,0.48472,660002.0,0.098
256,MS,3.0,,0.284,0.02305,72704.0,39.0,51584.0,0.53638,745609.0,0.051
257,MS,4.0,,0.239,0.02813,69919.0,39.1,51761.0,0.49168,780305.0,0.069
258,MS,,,0.247,0.0209775,67609.25,38.55,48710.75,0.50378,737491.25,0.066
259,MT,0.0,,0.348,0.02215,87083.0,40.1,63249.0,0.26898,1104271.0,0.04
260,MT,,,0.348,0.02215,87083.0,40.1,63249.0,0.26898,1104271.0,0.04
261,NC,1.0,,0.219,0.03873,65229.0,40.7,46702.0,0.59965,747139.0,0.074
262,NC,2.0,,0.598,0.16253,123289.0,36.9,92635.0,0.60542,752758.0,0.052
263,NC,3.0,,0.241,0.05256,74525.0,38.1,55911.0,0.52337,749741.0,0.065
264,NC,4.0,,0.458,0.11191,92965.0,38.1,66293.0,0.6185,750874.0,0.058
265,NC,5.0,,0.301,0.05616,73880.0,42.0,51640.0,0.40352,743662.0,0.062
266,NC,6.0,,0.337,0.09175,81088.0,39.3,59118.0,0.62477,754077.0,0.061
267,NC,7.0,,0.308,0.0403,80748.0,42.4,56858.0,0.56465,757948.0,0.06
268,NC,8.0,,0.254,0.07144,85543.0,40.8,63115.0,0.45486,756029.0,0.053
269,NC,9.0,,0.289,0.06809,79039.0,36.5,58473.0,0.58693,755891.0,0.07
270,NC,10.0,,0.246,0.0466,78868.0,42.4,58845.0,0.38835,754893.0,0.057
271,NC,11.0,,0.356,0.04601,80076.0,45.7,55831.0,0.26957,750100.0,0.056
272,NC,12.0,,0.399,0.14258,91255.0,35.9,69019.0,0.67381,743616.0,0.051
273,NC,13.0,,0.383,0.0878,93793.0,38.2,71598.0,0.57029,770237.0,0.049
274,NC,14.0,,0.497,0.13706,114581.0,37.0,76176.0,0.60577,764197.0,0.049
275,NC,,,0.349,0.0823942857142857,86777.07142857143,39.57142857142857,63015.28571428572,0.5349614285714286,753654.4285714285,0.0583571428571428
276,ND,0.0,,0.317,0.04365,86666.0,35.8,66519.0,0.30168,774948.0,0.029
277,ND,,,0.317,0.04365,86666.0,35.8,66519.0,0.30168,774948.0,0.029
278,NE,1.0,,0.354,0.07043,87035.0,36.3,67943.0,0.33601,662804.0,0.026
279,NE,2.0,,0.425,0.08722,102197.0,35.7,74098.0,0.45702,706307.0,0.032
280,NE,3.0,,0.243,0.06081,76514.0,40.5,59356.0,0.29888,594581.0,0.02
281,NE,,,0.3406666666666667,0.07282,88582.0,37.5,67132.33333333333,0.3639699999999999,654564.0,0.026
282,NH,1.0,,0.424,0.05848,113220.0,42.2,92065.0,0.22735,708467.0,0.033
283,NH,2.0,,0.38,0.0598,110485.0,44.1,83874.0,0.2152,680525.0,0.039
284,NH,,,0.402,0.05914,111852.5,43.150000000000006,87969.5,0.221275,694496.0,0.036
285,NJ,1.0,,0.362,0.1021,104780.0,39.2,80484.0,0.59125,749827.0,0.082
286,NJ,2.0,,0.311,0.10142,99706.0,42.7,73043.0,0.54392,739987.0,0.08
287,NJ,3.0,,0.388,0.09232,115735.0,44.1,89974.0,0.44466,761771.0,0.068
288,NJ,4.0,,0.451,0.1139,129740.0,40.4,93800.0,0.37722,804956.0,0.071
289,NJ,5.0,,0.525,0.20578,152785.0,43.4,114526.0,0.53079,757022.0,0.075
290,NJ,6.0,,0.433,0.30779,124446.0,39.0,96849.0,0.70639,762208.0,0.082
291,NJ,7.0,,0.557,0.20289,174815.0,43.4,125429.0,0.52193,761486.0,0.067
292,NJ,8.0,,0.389,0.44182,106251.0,36.3,69439.0,0.7608,797874.0,0.082
293,NJ,9.0,,0.372,0.38969,107152.0,39.0,75616.0,0.74976,778948.0,0.102
294,NJ,10.0,,0.329,0.31633,90686.0,36.6,61597.0,0.69208,808433.0,0.117
295,NJ,11.0,,0.588,0.17705,167588.0,42.5,124072.0,0.47861,761290.0,0.069
296,NJ,12.0,,0.469,0.29351,132698.0,40.4,98059.0,0.72373,783328.0,0.071
297,NJ,,,0.4311666666666667,0.2287166666666666,125531.83333333331,40.583333333333336,91907.33333333331,0.5934283333333333,772260.8333333334,0.0805
298,NM,1.0,,0.375,0.09997,83483.0,39.9,58354.0,0.66728,698553.0,0.066
299,NM,2.0,,0.225,0.115,66752.0,37.0,47592.0,0.67773,712769.0,0.087
300,NM,3.0,,0.299,0.05796,80005.0,40.3,57438.0,0.70469,704555.0,0.083
301,NM,,,0.2996666666666667,0.0909766666666666,76746.66666666667,39.06666666666666,54461.333333333336,0.6832333333333334,705292.3333333334,0.0786666666666666
302,NV,1.0,,0.171,0.2957,61802.0,38.1,45126.0,0.77742,686299.0,0.123
303,NV,2.0,,0.299,0.11307,99597.0,40.1,74468.0,0.53361,766406.0,0.058
304,NV,3.0,,0.375,0.18333,106889.0,39.0,78693.0,0.65159,883132.0,0.096
305,NV,4.0,,0.23,0.15862,85036.0,37.8,67150.0,0.7187,808154.0,0.115
306,NV,,,0.26875,0.18768,88331.0,38.75,66359.25,0.67033,785997.75,0.098
307,NY,1.0,,0.398,0.14068,141895.0,42.1,105268.0,0.42425,738887.0,0.055
308,NY,2.0,,0.361,0.18574,145168.0,40.9,118262.0,0.5811,730149.0,0.059
309,NY,3.0,,0.58,0.22172,178723.0,45.0,130679.0,0.52476,746449.0,0.066
310,NY,4.0,,0.461,0.22775,152531.0,41.3,122164.0,0.64322,741844.0,0.069
311,NY,5.0,,0.275,0.43393,98458.0,39.3,77043.0,0.73031,819686.0,0.127
312,NY,6.0,,0.413,0.50235,96474.0,43.2,70580.0,0.70048,733056.0,0.11
313,NY,7.0,,0.406,0.34207,115323.0,35.2,68278.0,0.77056,680802.0,0.112
314,NY,8.0,,0.375,0.32502,92500.0,37.9,63436.0,0.7023,779894.0,0.117
315,NY,9.0,,0.425,0.37672,104165.0,37.7,68612.0,0.69715,776441.0,0.109
316,NY,10.0,,0.603,0.30652,166295.0,37.3,90379.0,0.60158,757587.0,0.106
317,NY,11.0,,0.389,0.32309,102465.0,41.0,76314.0,0.61596,749691.0,0.085
318,NY,12.0,,0.747,0.26631,179981.0,36.6,112796.0,0.56111,711858.0,0.076
319,NY,13.0,,0.352,0.35904,72063.0,38.1,45715.0,0.76224,748859.0,0.17
320,NY,14.0,,0.306,0.44562,80464.0,38.7,64445.0,0.78291,689682.0,0.115
321,NY,15.0,,0.169,0.33417,51961.0,33.8,34391.0,0.71274,732872.0,0.18
322,NY,16.0,,0.46,0.29148,136763.0,40.7,81179.0,0.73706,753052.0,0.1
323,NY,17.0,,0.506,0.21958,153571.0,39.0,112501.0,0.59426,763172.0,0.077
324,NY,18.0,,0.412,0.11895,126417.0,40.2,94988.0,0.52476,748718.0,0.064
325,NY,19.0,,0.351,0.06819,101271.0,44.6,71258.0,0.3341,704391.0,0.061
326,NY,20.0,,0.425,0.08901,96585.0,40.0,76943.0,0.43182,742207.0,0.061
327,NY,21.0,,0.27,0.03239,79106.0,41.7,62767.0,0.21699,707234.0,0.06
328,NY,22.0,,0.272,0.05568,79707.0,41.6,60277.0,0.27008,689366.0,0.06
329,NY,23.0,,0.293,0.03788,76715.0,41.4,58960.0,0.23565,687238.0,0.066
330,NY,24.0,,0.333,0.05852,85597.0,40.3,64197.0,0.35222,715194.0,0.06
331,NY,25.0,,0.402,0.08787,88165.0,39.2,65502.0,0.48448,728525.0,0.066
332,NY,26.0,,0.362,0.08314,74477.0,38.4,56082.0,0.50735,734798.0,0.08
333,NY,27.0,,0.351,0.02887,94422.0,45.2,72094.0,0.17991,724261.0,0.056
334,NY,,,0.3961851851851851,0.2208255555555555,110046.74074074074,40.01481481481482,78707.77777777778,0.5436796296296296,734663.4444444445,0.0876666666666666
335,OH,1.0,,0.372,0.07001,95782.0,37.3,68749.0,0.49256,766737.0,0.052
336,OH,2.0,,0.351,0.02884,92868.0,39.4,65040.0,0.28272,738776.0,0.052
337,OH,3.0,,0.306,0.15455,70456.0,33.1,54216.0,0.63977,809881.0,0.069
338,OH,4.0,,0.211,0.01879,78267.0,40.8,59784.0,0.23538,714581.0,0.053
339,OH,5.0,,0.285,0.03088,87031.0,39.8,66501.0,0.22808,731655.0,0.047
340,OH,6.0,,0.19,0.0099,70787.0,44.3,51758.0,0.13419,681651.0,0.051
341,OH,7.0,,0.222,0.01631,80323.0,40.4,62308.0,0.19077,743551.0,0.039
342,OH,8.0,,0.27,0.04698,83359.0,39.1,65363.0,0.29507,745908.0,0.056
343,OH,9.0,,0.266,0.04505,67892.0,39.6,49810.0,0.52595,704330.0,0.072
344,OH,10.0,,0.323,0.05035,79662.0,39.0,61292.0,0.43374,728978.0,0.054
345,OH,11.0,,0.313,0.05879,69765.0,38.5,43700.0,0.59655,676238.0,0.104
346,OH,12.0,,0.434,0.05758,112125.0,39.8,80498.0,0.30021,808118.0,0.039
347,OH,13.0,,0.253,0.03307,66729.0,40.4,50332.0,0.3781,704120.0,0.062
348,OH,14.0,,0.384,0.05688,103504.0,43.8,75963.0,0.26162,719537.0,0.044
349,OH,15.0,,0.347,0.0448,96135.0,38.7,76022.0,0.26295,769052.0,0.046
350,OH,16.0,,0.358,0.05612,97130.0,43.2,76195.0,0.21076,736904.0,0.04
351,OH,,,0.3053125,0.04868125,84488.4375,39.825,62970.6875,0.34177625,736251.0625,0.055
352,OK,1.0,,0.336,0.07892,83770.0,36.7,60267.0,0.56922,836922.0,0.063
353,OK,2.0,,0.183,0.0229,62951.0,39.9,47029.0,0.55671,724389.0,0.063
354,OK,3.0,,0.257,0.04098,71972.0,37.7,57230.0,0.43508,790472.0,0.053
355,OK,4.0,,0.283,0.0453,77423.0,36.4,59176.0,0.49746,805943.0,0.058
356,OK,5.0,,0.326,0.0954,78797.0,35.8,56229.0,0.59327,828913.0,0.059
357,OK,,,0.277,0.0566999999999999,74982.6,37.3,55986.2,0.530348,797327.8,0.0591999999999999
358,OR,1.0,,0.44,0.13816,113116.0,38.8,85426.0,0.49821,864740.0,0.055
359,OR,2.0,,0.29,0.06697,83864.0,41.8,63266.0,0.35202,864256.0,0.064
360,OR,3.0,,0.453,0.12681,103584.0,38.7,79389.0,0.49345,841904.0,0.068
361,OR,4.0,,0.293,0.05189,79641.0,42.1,59577.0,0.31085,825543.0,0.073
362,OR,5.0,,0.336,0.10055,97969.0,40.0,73192.0,0.43773,849712.0,0.058
363,OR,,,0.3624,0.096876,95634.8,40.28,72170.0,0.418452,849231.0,0.0636
364,PA,1.0,,0.446,0.10892,128894.0,44.0,98993.0,0.3366,730085.0,0.057
365,PA,2.0,,0.245,0.20072,71774.0,35.1,50816.0,0.75002,737973.0,0.116
366,PA,3.0,,0.453,0.09694,83759.0,35.0,55597.0,0.60844,729976.0,0.095
367,PA,4.0,,0.519,0.09586,134808.0,41.0,102059.0,0.42241,758187.0,0.049
368,PA,5.0,,0.421,0.12045,110638.0,39.0,73201.0,0.56724,716820.0,0.087
369,PA,6.0,,0.48,0.10365,126398.0,39.5,93906.0,0.47098,757071.0,0.053
370,PA,7.0,,0.334,0.10691,96786.0,40.8,73022.0,0.50965,756023.0,0.061
371,PA,8.0,,0.268,0.07548,78281.0,42.4,62752.0,0.39314,709790.0,0.072
372,PA,9.0,,0.236,0.0323,86291.0,43.6,66600.0,0.2476,709976.0,0.063
373,PA,10.0,,0.341,0.07288,92591.0,40.2,72620.0,0.44091,758088.0,0.049
374,PA,11.0,,0.285,0.04989,94236.0,40.1,75659.0,0.29642,755278.0,0.039
375,PA,12.0,,0.25,0.02698,76858.0,41.3,58914.0,0.16178,684344.0,0.048
376,PA,13.0,,0.223,0.01713,77172.0,44.0,60332.0,0.17205,694541.0,0.055
377,PA,14.0,,0.295,0.01675,84516.0,45.6,63098.0,0.18019,684640.0,0.06
378,PA,15.0,,0.221,0.0132,72470.0,45.5,56234.0,0.13253,667819.0,0.059
379,PA,16.0,,0.289,0.02801,79226.0,42.3,59416.0,0.22707,687347.0,0.064
380,PA,17.0,,0.456,0.0492,107648.0,42.6,79300.0,0.28075,732334.0,0.052
381,PA,18.0,,0.414,0.06709,83977.0,39.4,59719.0,0.46012,693764.0,0.071
382,PA,,,0.3431111111111111,0.0712422222222222,93684.61111111112,41.18888888888889,70124.33333333333,0.3698833333333333,720225.3333333334,0.0638888888888888
383,PR,0.0,,0.285,3.6212,35452.0,44.1,22237.0,0.70174,3263584.0,0.131
384,PR,,,0.285,3.6212,35452.0,44.1,22237.0,0.70174,3263584.0,0.131
385,RI,1.0,,0.359,0.1788,96062.0,39.8,69292.0,0.55027,551922.0,0.089
386,RI,2.0,,0.371,0.1115,102245.0,41.2,78173.0,0.38291,543688.0,0.064
387,RI,,,0.365,0.14515,99153.5,40.5,73732.5,0.46659,547805.0,0.0765
388,SC,1.0,,0.445,0.06215,105159.0,40.3,76543.0,0.48101,824201.0,0.05
389,SC,2.0,,0.356,0.05132,83752.0,39.4,62963.0,0.53119,726470.0,0.06
390,SC,3.0,,0.26,0.0438,74145.0,40.6,55744.0,0.43243,708699.0,0.048
391,SC,4.0,,0.361,0.08697,88898.0,38.3,64598.0,0.51143,780255.0,0.05
392,SC,5.0,,0.288,0.04038,80391.0,40.2,57565.0,0.50975,747217.0,0.054
393,SC,6.0,,0.24,0.03802,62805.0,37.3,45019.0,0.57045,660275.0,0.072
394,SC,7.0,,0.229,0.03846,70424.0,45.2,50879.0,0.50284,743588.0,0.066
395,SC,,,0.3112857142857143,0.0515857142857142,80796.28571428571,40.18571428571429,59044.42857142857,0.5055857142857143,741529.2857142857,0.0571428571428571
396,SD,0.0,,0.317,0.0346,86194.0,37.6,66143.0,0.33734,895376.0,0.028
397,SD,,,0.317,0.0346,86194.0,37.6,66143.0,0.33734,895376.0,0.028
398,TN,1.0,,0.224,0.02771,70245.0,43.7,49230.0,0.19016,734581.0,0.064
399,TN,2.0,,0.339,0.03961,83744.0,39.9,61599.0,0.27206,784818.0,0.041
400,TN,3.0,,0.268,0.03845,80742.0,42.1,58842.0,0.34487,745925.0,0.054
401,TN,4.0,,0.278,0.06002,82128.0,38.3,63861.0,0.37534,850783.0,0.049
402,TN,5.0,,0.44,0.12077,97686.0,35.6,65307.0,0.57565,790094.0,0.041
403,TN,6.0,,0.257,0.03552,78256.0,41.3,59924.0,0.2435,828312.0,0.048
404,TN,7.0,,0.328,0.04733,97117.0,38.6,67685.0,0.3615,838746.0,0.044
405,TN,8.0,,0.342,0.04068,96052.0,40.9,64058.0,0.44475,714283.0,0.044
406,TN,9.0,,0.261,0.06686,65258.0,34.0,45172.0,0.49586,687676.0,0.099
407,TN,,,0.3041111111111111,0.0529944444444444,83469.77777777778,39.37777777777777,59519.77777777778,0.3670766666666666,775024.2222222222,0.0537777777777777
408,TX,1.0,,0.234,0.07522,76621.0,37.6,55269.0,0.52776,728600.0,0.059
409,TX,2.0,,0.421,0.22104,112338.0,35.3,81370.0,0.72249,833269.0,0.068
410,TX,3.0,,0.563,0.23228,132083.0,37.8,100651.0,0.65042,968602.0,0.052
411,TX,4.0,,0.27,0.07037,86556.0,39.2,62247.0,0.43554,810364.0,0.05
412,TX,5.0,,0.231,0.14491,79382.0,36.1,59384.0,0.65306,797242.0,0.057
413,TX,6.0,,0.313,0.14741,95173.0,36.7,75577.0,0.69141,833987.0,0.06
414,TX,7.0,,0.492,0.30318,125347.0,35.1,77167.0,0.74964,817706.0,0.07
415,TX,8.0,,0.359,0.13504,107304.0,37.2,77303.0,0.53293,944280.0,0.059
416,TX,9.0,,0.284,0.35354,64223.0,35.1,49454.0,0.76238,765427.0,0.103
417,TX,10.0,,0.439,0.18387,114479.0,35.4,88012.0,0.64574,993729.0,0.051
418,TX,11.0,,0.242,0.10342,81759.0,36.4,60645.0,0.55,779873.0,0.065
419,TX,12.0,,0.353,0.10635,102110.0,35.8,76055.0,0.57562,889755.0,0.045
420,TX,13.0,,0.228,0.0944,76620.0,37.3,55921.0,0.4973,710745.0,0.042
421,TX,14.0,,0.269,0.10639,91220.0,37.1,70119.0,0.65522,774332.0,0.068
422,TX,15.0,,0.222,0.20965,67420.0,32.0,49854.0,0.60242,816197.0,0.077
423,TX,16.0,,0.279,0.21819,71166.0,32.9,52253.0,0.65842,765065.0,0.084
424,TX,17.0,,0.348,0.11506,84364.0,33.5,58869.0,0.60927,815271.0,0.052
425,TX,18.0,,0.264,0.20719,80762.0,33.7,50319.0,0.74368,781929.0,0.098
426,TX,19.0,,0.255,0.07101,73293.0,33.7,54210.0,0.55628,738129.0,0.042
427,TX,20.0,,0.272,0.1463,73664.0,32.8,55877.0,0.67619,790332.0,0.068
428,TX,21.0,,0.517,0.11124,112449.0,38.4,80922.0,0.53652,877749.0,0.049
429,TX,22.0,,0.496,0.27575,125068.0,36.3,97919.0,0.74735,1034272.0,0.049
430,TX,23.0,,0.258,0.15326,89187.0,34.7,64000.0,0.67418,847567.0,0.062
431,TX,24.0,,0.513,0.26045,116778.0,35.6,81743.0,0.70167,815338.0,0.048
432,TX,25.0,,0.427,0.09543,118703.0,37.3,83950.0,0.51058,876198.0,0.038
433,TX,26.0,,0.473,0.13022,127853.0,36.9,100382.0,0.57519,972162.0,0.051
434,TX,27.0,,0.221,0.09332,79661.0,38.0,60821.0,0.62393,749930.0,0.059
435,TX,28.0,,0.209,0.2036,73802.0,32.6,57190.0,0.6061,774870.0,0.07
436,TX,29.0,,0.119,0.33272,63963.0,33.9,49467.0,0.70639,685520.0,0.097
437,TX,30.0,,0.245,0.18522,73515.0,34.0,57343.0,0.72392,789579.0,0.068
438,TX,31.0,,0.418,0.12503,103874.0,36.0,80643.0,0.61767,969723.0,0.057
439,TX,32.0,,0.476,0.21801,124891.0,35.8,79443.0,0.66533,774999.0,0.052
440,TX,33.0,,0.135,0.34268,62025.0,31.6,46994.0,0.75743,721392.0,0.06
441,TX,34.0,,0.182,0.18845,62801.0,32.7,47015.0,0.59657,715023.0,0.083
442,TX,35.0,,0.274,0.1526,74962.0,34.5,57093.0,0.68767,799047.0,0.069
443,TX,36.0,,0.205,0.11144,88038.0,37.1,66740.0,0.58722,769738.0,0.086
444,TX,,,0.3196111111111111,0.1728955555555555,91484.83333333331,35.44722222222222,67283.91666666667,0.6337080555555555,820220.5833333334,0.063
445,UT,1.0,,0.327,0.05289,104158.0,31.8,77620.0,0.3023,821989.0,0.026
446,UT,2.0,,0.356,0.08741,96361.0,33.9,74135.0,0.3699,811531.0,0.042
447,UT,3.0,,0.453,0.07662,117216.0,29.4,83444.0,0.30586,798985.0,0.033
448,UT,4.0,,0.344,0.11343,104085.0,31.6,83318.0,0.43525,905470.0,0.038
449,UT,,,0.37,0.0825875,105455.0,31.675,79629.25,0.3533275,834493.75,0.03475
450,VA,1.0,,0.4,0.10629,119052.0,39.8,96882.0,0.52975,836319.0,0.043
451,VA,2.0,,0.404,0.08233,102029.0,37.0,79125.0,0.56653,748533.0,0.039
452,VA,3.0,,0.304,0.0584,81305.0,35.2,60943.0,0.63506,761402.0,0.065
453,VA,4.0,,0.333,0.05579,86330.0,37.9,64678.0,0.61737,781353.0,0.059
454,VA,5.0,,0.308,0.04402,89408.0,43.0,62714.0,0.44451,742839.0,0.044
455,VA,6.0,,0.311,0.05198,81114.0,39.6,60630.0,0.37138,763436.0,0.045
456,VA,7.0,,0.426,0.09697,116367.0,40.7,89823.0,0.54322,830040.0,0.05
457,VA,8.0,,0.654,0.2622,157713.0,37.3,119442.0,0.67618,788119.0,0.045
458,VA,9.0,,0.22,0.02735,63553.0,43.3,47005.0,0.2208,693122.0,0.048
459,VA,10.0,,0.588,0.23027,176398.0,39.2,140889.0,0.61452,895085.0,0.035
460,VA,11.0,,0.589,0.30821,147943.0,37.0,118107.0,0.71494,802026.0,0.056
461,VA,,,0.4124545454545454,0.1203463636363636,111019.27272727272,39.09090909090909,85476.18181818182,0.5394781818181819,785661.2727272727,0.048090909090909
462,VT,0.0,,0.444,0.04214,94496.0,42.9,72431.0,0.16688,645570.0,0.042
463,VT,,,0.444,0.04214,94496.0,42.9,72431.0,0.16688,645570.0,0.042
464,WA,1.0,,0.491,0.19097,157502.0,38.3,113054.0,0.4938,801211.0,0.051
465,WA,2.0,,0.365,0.14787,104262.0,39.2,81690.0,0.50717,767914.0,0.057
466,WA,3.0,,0.277,0.09503,98289.0,40.5,78425.0,0.37517,781241.0,0.06
467,WA,4.0,,0.235,0.15856,86626.0,34.5,67191.0,0.61985,752581.0,0.061
468,WA,5.0,,0.305,0.04779,82181.0,38.1,62597.0,0.32545,763080.0,0.066
469,WA,6.0,,0.346,0.06711,101623.0,42.4,76189.0,0.41913,738969.0,0.062
470,WA,7.0,,0.655,0.18098,152669.0,36.5,110165.0,0.52827,799770.0,0.056
471,WA,8.0,,0.39,0.16287,136457.0,39.2,103625.0,0.51337,783018.0,0.048
472,WA,9.0,,0.467,0.31429,135569.0,37.5,96760.0,0.73409,760454.0,0.071
473,WA,10.0,,0.308,0.10861,97403.0,36.7,79629.0,0.563,790454.0,0.062
474,WA,,,0.3839,0.147408,115258.1,38.29,86932.5,0.50793,773869.2,0.0593999999999999
475,WI,1.0,,0.32,0.06175,97587.0,41.6,74567.0,0.36405,722922.0,0.039
476,WI,2.0,,0.458,0.07876,96914.0,37.2,75109.0,0.34235,793162.0,0.028
477,WI,3.0,,0.266,0.0243,78419.0,39.3,61566.0,0.18715,733081.0,0.033
478,WI,4.0,,0.32,0.09567,71099.0,33.9,50295.0,0.68733,685822.0,0.064
479,WI,5.0,,0.402,0.05261,103424.0,42.1,80624.0,0.26892,741458.0,0.031
480,WI,6.0,,0.28,0.03828,86228.0,42.1,65822.0,0.2275,727054.0,0.029
481,WI,7.0,,0.253,0.02246,82951.0,45.0,64740.0,0.18214,739235.0,0.032
482,WI,8.0,,0.296,0.03556,87769.0,41.0,67661.0,0.26787,753174.0,0.033
483,WI,,,0.324375,0.05117375,88048.875,40.275,67548.0,0.31591375,736988.5,0.036125
484,WV,1.0,,0.281,0.0163,77846.0,41.4,52996.0,0.15222,600701.0,0.065
485,WV,2.0,,0.254,0.01951,77653.0,42.8,59295.0,0.21853,620298.0,0.06
486,WV,3.0,,0.185,0.01062,60420.0,44.2,42238.0,0.1455,561960.0,0.062
487,WV,,,0.24,0.0154766666666666,71973.0,42.8,51509.66666666666,0.1720833333333333,594319.6666666666,0.0623333333333333
488,WY,0.0,,0.292,0.03438,86911.0,39.0,65204.0,0.27648,578803.0,0.037
489,WY,,,0.292,0.03438,86911.0,39.0,65204.0,0.27648,578803.0,0.037
576,NY,"[3, 5, 6, 7, 8, 9, 10, 11, 12, 13, 14, 15, 16] ",New York City,0.4230769230769231,0.3483107692307692,113510.38461538461,38.80769230769231,75680.53846153847,0.6845507692307693,744609.9230769231,0.11330769230769232
577,CA,"[27, 29, 32]",Los Angeles,0.31633333333333336,0.3791333333333333,102118.0,39.0,77765.66666666667,0.7410133333333332,689629.0,0.08800000000000001
578,IL,"[1, 2, 3, 4, 5, 6, 7, 8, 9]",Chicago,0.41100000000000003,0.19471444444444444,105966.88888888889,38.388888888888886,77039.44444444444,0.6118566666666667,712227.4444444445,0.08422222222222223
579,TX,"[7, 8, 18, 38]",Houston,0.37166666666666665,0.21513666666666667,104471.0,35.333333333333336,68263.0,0.6754166666666667,847971.6666666666,0.07566666666666667
580,AZ,"[1, 3, 8]",Phoenix,0.262,0.11749,84852.66666666667,38.36666666666667,66876.33333333333,0.6194933333333333,806155.3333333334,0.06466666666666666
581,PA,"[2, 3]",Philadelphia,0.349,0.14883000000000002,77766.5,35.05,53206.5,0.67923,733974.5,0.10550000000000001
582,TX,"[20, 21, 23, 28, 35]",San Antonio,0.30600000000000005,0.15340000000000004,84812.8,34.6,63016.4,0.6361319999999999,817913.0,0.0636
583,CA,"[49, 50, 51, 48, 52]",San Diego,0.4162,0.23443400000000003,126401.4,38.08,94731.2,0.644646,737423.4,0.0866
584,TX,"[5, 6, 30, 32]",Dallas,0.31625000000000003,0.1738875,93240.25,35.650000000000006,67936.75,0.68343,798951.75,0.05925
585,HI,[1],Honolulu,0.387,0.23355,114984.0,40.9,89243.0,0.67229,715138.0,0.066
586,CA,"[16, 17, 18, 19]",San Jose,0.45625000000000004,0.353325,168232.75,36.900000000000006,120268.5,0.6954325,741643.25,0.07525
587,FL,"[4, 5]",Jacksonville,0.34550000000000003,0.09766,86163.0,37.95,62966.5,0.546775,820442.0,0.048
588,TX,"[11, 21, 31, 37]",Austin,0.39233333333333337,0.11323000000000001,99360.66666666667,36.93333333333333,74070.0,0.5680633333333334,875781.6666666666,0.057
589,TX,"[12, 25, 33]",Fort Worth,0.305,0.18148666666666666,94279.33333333333,34.9,68999.66666666667,0.6145433333333333,829115.0,0.04766666666666666
590,OH,"[3, 15]",Columbus,0.3265,0.099675,83295.5,35.900000000000006,65119.0,0.45136,789466.5,0.0575
591,IN,[7],Indianapolis,0.289,0.11726,70740.0,33.6,54367.0,0.63574,775837.0,0.065
592,NC,"[12, 14]",Charlotte,0.448,0.13982,102918.0,36.45,72597.5,0.6397900000000001,753906.5,0.05
593,CA,"[11, 15]",San Francisco,0.4755,0.31288499999999997,160733.0,39.75,118363.0,0.72556,778076.0,0.067
594,WA,"[1, 7, 9]",Seattle,0.5376666666666666,0.22874666666666665,148580.0,37.43333333333333,106659.66666666667,0.5853866666666666,787145.0,0.05933333333333333
595,TN,"[5, 7]",Nashville,0.384,0.08405,97401.5,37.1,66496.0,0.46857499999999996,814420.0,0.042499999999999996
596,CO,[1],Denver,0.543,0.1304,117333.0,35.5,83308.0,0.56894,838929.0,0.06
597,DC,[0],Washington,0.63,0.13316,138856.0,34.8,90088.0,0.6566,670050.0,0.082
598,OK,"[4, 5]",Oklahoma City,0.3045,0.07035,78110.0,36.099999999999994,57702.5,0.545365,817428.0,0.058499999999999996
599,TX,[23],El Paso,0.258,0.15326,89187.0,34.7,64000.0,0.67418,847567.0,0.062
600,MA,[7],Boston,0.48,0.31982,109851.0,33.1,76207.0,0.73953,779197.0,0.081
601,OR,"[3, 4, 5]",Portland,0.3606666666666667,0.09308333333333334,93731.33333333333,40.26666666666667,70719.33333333333,0.41401,839053.0,0.06633333333333334
602,NV,"[1, 3]",Las Vegas,0.273,0.239515,84345.5,38.55,61909.5,0.714505,784715.5,0.1095
603,MI,"[1, 2, 3, 6, 7]",Detroit,0.2976,0.041283999999999994,83936.2,40.82000000000001,64319.0,0.30758,732356.4,0.053200000000000004
604,TN,[9],Memphis,0.261,0.06686,65258.0,34.0,45172.0,0.49586,687676.0,0.099
605,KY,[3],Louisville,0.357,0.09197,83568.0,38.4,59174.0,0.52826,751181.0,0.05
606,MD,[7],Baltimore,0.435,0.12346,102558.0,38.6,70544.0,0.64144,726949.0,0.072
607,WI,[4],Milwaukee,0.32,0.09567,71099.0,33.9,50295.0,0.68733,685822.0,0.064
608,NM,"[1, 2]",Albuquerque,0.3,0.107485,75117.5,38.45,52973.0,0.672505,705661.0,0.0765
609,AZ,"[2, 3]",Tucson,0.28049999999999997,0.1446,77239.0,37.25,59852.0,0.6258699999999999,767492.0,0.07
610,CA,[13],Fresno,0.517,0.27853,133376.0,38.2,90730.0,0.771,761542.0,0.078
611,CA,"[6,7]",Sacramento,0.3355,0.216015,102511.0,37.15,80325.5,0.72157,787244.0,0.0765
612,MO,[5],Kansas City,0.312,0.05941,79029.0,37.0,59833.0,0.53946,783027.0,0.055
613,AZ,"[4, 5, 6]",Mesa,0.37033333333333335,0.10137999999999998,106999.33333333333,43.43333333333334,78804.66666666667,0.4625866666666667,842064.6666666666,0.051666666666666666
614,GA,[5],Atlanta,0.504,0.09556,99610.0,34.8,64160.0,0.61929,789610.0,0.058
615,NE,[2],Omaha,0.425,0.08722,102197.0,35.7,74098.0,0.45702,706307.0,0.032
616,CO,[5],Colorado Springs,0.402,0.06507,98793.0,36.4,76462.0,0.44011,840942.0,0.062
617,NC,[4],Raleigh,0.458,0.11191,92965.0,38.1,66293.0,0.6185,750874.0,0.058
618,CA,[42],Long Beach,0.287,0.18935,120665.0,36.4,98855.0,0.72042,841945.0,0.074
619,VA,[2],Virginia Beach,0.404,0.08233,102029.0,37.0,79125.0,0.56653,748533.0,0.039
620,FL,[27],Miami,0.459,0.51989,113308.0,42.0,64863.0,0.59891,727882.0,0.049
621,CA,[12],Oakland,0.624,0.33713,182688.0,40.2,121274.0,0.6981,718792.0,0.08
622,MN,[5],Minneapolis,0.506,0.14226,100814.0,34.9,71821.0,0.56086,727716.0,0.07
623,OK,[1],Tulsa,0.336,0.07892,83770.0,36.7,60267.0,0.56922,836922.0,0.063
624,CA,[22],Bakersfield,0.283,0.17855,95631.0,33.5,70933.0,0.71739,810279.0,0.088
625,KS,[4],Wichita,0.302,0.06302,78579.0,36.8,59999.0,0.43883,730811.0,0.06
